1	2	1
1	3	1
1	4	1
1	5	1
1	6	1
1	7	1
1	8	1
1	9	1
1	10	1
1	11	1
1	12	1
1	13	1
1	14	1
1	15	1
1	16	1
1	17	1
1	18	1
1	19	1
1	20	1
1	21	1
1	22	1
1	23	1
1	24	1
1	25	1
1	26	1
1	27	1
1	28	1
1	29	1
1	30	1
1	31	1
1	32	1
1	33	1
1	34	1
1	35	1
1	36	1
1	37	1
1	38	1
1	39	1
1	40	1
1	41	1
1	42	1
1	43	1
1	44	1
1	45	1
1	46	1
1	47	1
1	48	1
1	49	1
1	50	1
1	51	1
1	52	1
1	53	1
1	54	1
1	55	1
1	56	1
1	57	1
1	58	1
1	59	1
1	60	1
1	61	1
1	62	1
1	63	1
1	64	1
64	65	1
1	65	2
64	66	1
1	66	2
64	67	1
1	67	2
67	68	1
64	68	2
1	68	3
67	69	1
64	69	2
1	69	3
67	70	1
64	70	2
1	70	3
67	71	1
64	71	2
1	71	3
67	72	1
64	72	2
1	72	3
67	73	1
64	73	2
1	73	3
67	74	1
64	74	2
1	74	3
67	75	1
64	75	2
1	75	3
67	76	1
64	76	2
1	76	3
67	77	1
64	77	2
1	77	3
67	78	1
64	78	2
1	78	3
67	79	1
64	79	2
1	79	3
67	80	1
64	80	2
1	80	3
67	81	1
64	81	2
1	81	3
67	82	1
64	82	2
1	82	3
67	83	1
64	83	2
1	83	3
67	84	1
64	84	2
1	84	3
66	85	1
64	85	2
1	85	3
66	86	1
64	86	2
1	86	3
66	87	1
64	87	2
1	87	3
66	88	1
64	88	2
1	88	3
66	89	1
64	89	2
1	89	3
66	90	1
64	90	2
1	90	3
66	91	1
64	91	2
1	91	3
66	92	1
64	92	2
1	92	3
66	93	1
64	93	2
1	93	3
66	94	1
64	94	2
1	94	3
66	95	1
64	95	2
1	95	3
65	96	1
64	96	2
1	96	3
65	97	1
64	97	2
1	97	3
65	98	1
64	98	2
1	98	3
65	99	1
64	99	2
1	99	3
65	100	1
64	100	2
1	100	3
65	101	1
64	101	2
1	101	3
65	102	1
64	102	2
1	102	3
65	103	1
64	103	2
1	103	3
65	104	1
64	104	2
1	104	3
65	105	1
64	105	2
1	105	3
65	106	1
64	106	2
1	106	3
65	107	1
64	107	2
1	107	3
65	108	1
64	108	2
1	108	3
65	109	1
64	109	2
1	109	3
63	110	1
1	110	2
63	111	1
1	111	2
63	112	1
1	112	2
63	113	1
1	113	2
62	114	1
1	114	2
62	115	1
1	115	2
61	116	1
1	116	2
61	117	1
1	117	2
60	118	1
1	118	2
60	119	1
1	119	2
60	120	1
1	120	2
60	121	1
1	121	2
60	122	1
1	122	2
60	123	1
1	123	2
60	124	1
1	124	2
60	125	1
1	125	2
60	126	1
1	126	2
60	127	1
1	127	2
60	128	1
1	128	2
60	129	1
1	129	2
60	130	1
1	130	2
59	131	1
1	131	2
58	132	1
1	132	2
58	133	1
1	133	2
58	134	1
1	134	2
58	135	1
1	135	2
58	136	1
1	136	2
58	137	1
1	137	2
58	138	1
1	138	2
58	139	1
1	139	2
58	140	1
1	140	2
57	141	1
1	141	2
57	142	1
1	142	2
57	143	1
1	143	2
57	144	1
1	144	2
57	145	1
1	145	2
57	146	1
1	146	2
57	147	1
1	147	2
57	148	1
1	148	2
57	149	1
1	149	2
57	150	1
1	150	2
57	151	1
1	151	2
57	152	1
1	152	2
57	153	1
1	153	2
57	154	1
1	154	2
57	155	1
1	155	2
57	156	1
1	156	2
57	157	1
1	157	2
57	158	1
1	158	2
57	159	1
1	159	2
57	160	1
1	160	2
57	161	1
1	161	2
57	162	1
1	162	2
57	163	1
1	163	2
57	164	1
1	164	2
57	165	1
1	165	2
57	166	1
1	166	2
56	167	1
1	167	2
56	168	1
1	168	2
56	169	1
1	169	2
55	170	1
1	170	2
54	171	1
1	171	2
53	172	1
1	172	2
53	173	1
1	173	2
53	174	1
1	174	2
174	175	1
53	175	2
1	175	3
173	176	1
53	176	2
1	176	3
172	177	1
53	177	2
1	177	3
52	178	1
1	178	2
51	179	1
1	179	2
51	180	1
1	180	2
51	181	1
1	181	2
51	182	1
1	182	2
51	183	1
1	183	2
51	184	1
1	184	2
51	185	1
1	185	2
51	186	1
1	186	2
51	187	1
1	187	2
51	188	1
1	188	2
51	189	1
1	189	2
51	190	1
1	190	2
51	191	1
1	191	2
51	192	1
1	192	2
51	193	1
1	193	2
51	194	1
1	194	2
51	195	1
1	195	2
51	196	1
1	196	2
51	197	1
1	197	2
50	198	1
1	198	2
50	199	1
1	199	2
50	200	1
1	200	2
50	201	1
1	201	2
50	202	1
1	202	2
50	203	1
1	203	2
50	204	1
1	204	2
50	205	1
1	205	2
50	206	1
1	206	2
50	207	1
1	207	2
50	208	1
1	208	2
50	209	1
1	209	2
50	210	1
1	210	2
50	211	1
1	211	2
50	212	1
1	212	2
50	213	1
1	213	2
50	214	1
1	214	2
50	215	1
1	215	2
50	216	1
1	216	2
50	217	1
1	217	2
50	218	1
1	218	2
50	219	1
1	219	2
50	220	1
1	220	2
49	221	1
1	221	2
48	222	1
1	222	2
48	223	1
1	223	2
48	224	1
1	224	2
48	225	1
1	225	2
48	226	1
1	226	2
48	227	1
1	227	2
48	228	1
1	228	2
48	229	1
1	229	2
48	230	1
1	230	2
48	231	1
1	231	2
48	232	1
1	232	2
48	233	1
1	233	2
48	234	1
1	234	2
48	235	1
1	235	2
48	236	1
1	236	2
48	237	1
1	237	2
48	238	1
1	238	2
48	239	1
1	239	2
48	240	1
1	240	2
47	241	1
1	241	2
47	242	1
1	242	2
47	243	1
1	243	2
47	244	1
1	244	2
47	245	1
1	245	2
47	246	1
1	246	2
47	247	1
1	247	2
47	248	1
1	248	2
47	249	1
1	249	2
47	250	1
1	250	2
47	251	1
1	251	2
47	252	1
1	252	2
47	253	1
1	253	2
47	254	1
1	254	2
47	255	1
1	255	2
47	256	1
1	256	2
47	257	1
1	257	2
47	258	1
1	258	2
47	259	1
1	259	2
47	260	1
1	260	2
47	261	1
1	261	2
47	262	1
1	262	2
47	263	1
1	263	2
47	264	1
1	264	2
47	265	1
1	265	2
265	266	1
47	266	2
1	266	3
265	267	1
47	267	2
1	267	3
265	268	1
47	268	2
1	268	3
265	269	1
47	269	2
1	269	3
265	270	1
47	270	2
1	270	3
265	271	1
47	271	2
1	271	3
265	272	1
47	272	2
1	272	3
265	273	1
47	273	2
1	273	3
265	274	1
47	274	2
1	274	3
265	275	1
47	275	2
1	275	3
265	276	1
47	276	2
1	276	3
265	277	1
47	277	2
1	277	3
264	278	1
47	278	2
1	278	3
264	279	1
47	279	2
1	279	3
264	280	1
47	280	2
1	280	3
264	281	1
47	281	2
1	281	3
264	282	1
47	282	2
1	282	3
264	283	1
47	283	2
1	283	3
264	284	1
47	284	2
1	284	3
264	285	1
47	285	2
1	285	3
264	286	1
47	286	2
1	286	3
264	287	1
47	287	2
1	287	3
264	288	1
47	288	2
1	288	3
264	289	1
47	289	2
1	289	3
264	290	1
47	290	2
1	290	3
264	291	1
47	291	2
1	291	3
264	292	1
47	292	2
1	292	3
264	293	1
47	293	2
1	293	3
264	294	1
47	294	2
1	294	3
264	295	1
47	295	2
1	295	3
263	296	1
47	296	2
1	296	3
263	297	1
47	297	2
1	297	3
263	298	1
47	298	2
1	298	3
263	299	1
47	299	2
1	299	3
263	300	1
47	300	2
1	300	3
263	301	1
47	301	2
1	301	3
263	302	1
47	302	2
1	302	3
263	303	1
47	303	2
1	303	3
262	304	1
47	304	2
1	304	3
262	305	1
47	305	2
1	305	3
261	306	1
47	306	2
1	306	3
261	307	1
47	307	2
1	307	3
261	308	1
47	308	2
1	308	3
261	309	1
47	309	2
1	309	3
261	310	1
47	310	2
1	310	3
261	311	1
47	311	2
1	311	3
261	312	1
47	312	2
1	312	3
261	313	1
47	313	2
1	313	3
261	314	1
47	314	2
1	314	3
261	315	1
47	315	2
1	315	3
261	316	1
47	316	2
1	316	3
261	317	1
47	317	2
1	317	3
261	318	1
47	318	2
1	318	3
261	319	1
47	319	2
1	319	3
261	320	1
47	320	2
1	320	3
261	321	1
47	321	2
1	321	3
261	322	1
47	322	2
1	322	3
261	323	1
47	323	2
1	323	3
261	324	1
47	324	2
1	324	3
261	325	1
47	325	2
1	325	3
261	326	1
47	326	2
1	326	3
261	327	1
47	327	2
1	327	3
261	328	1
47	328	2
1	328	3
261	329	1
47	329	2
1	329	3
261	330	1
47	330	2
1	330	3
261	331	1
47	331	2
1	331	3
261	332	1
47	332	2
1	332	3
261	333	1
47	333	2
1	333	3
261	334	1
47	334	2
1	334	3
261	335	1
47	335	2
1	335	3
261	336	1
47	336	2
1	336	3
261	337	1
47	337	2
1	337	3
261	338	1
47	338	2
1	338	3
261	339	1
47	339	2
1	339	3
261	340	1
47	340	2
1	340	3
261	341	1
47	341	2
1	341	3
261	342	1
47	342	2
1	342	3
261	343	1
47	343	2
1	343	3
261	344	1
47	344	2
1	344	3
261	345	1
47	345	2
1	345	3
261	346	1
47	346	2
1	346	3
260	347	1
47	347	2
1	347	3
260	348	1
47	348	2
1	348	3
260	349	1
47	349	2
1	349	3
260	350	1
47	350	2
1	350	3
260	351	1
47	351	2
1	351	3
260	352	1
47	352	2
1	352	3
260	353	1
47	353	2
1	353	3
260	354	1
47	354	2
1	354	3
260	355	1
47	355	2
1	355	3
260	356	1
47	356	2
1	356	3
259	357	1
47	357	2
1	357	3
259	358	1
47	358	2
1	358	3
258	359	1
47	359	2
1	359	3
258	360	1
47	360	2
1	360	3
258	361	1
47	361	2
1	361	3
258	362	1
47	362	2
1	362	3
258	363	1
47	363	2
1	363	3
258	364	1
47	364	2
1	364	3
258	365	1
47	365	2
1	365	3
258	366	1
47	366	2
1	366	3
258	367	1
47	367	2
1	367	3
258	368	1
47	368	2
1	368	3
258	369	1
47	369	2
1	369	3
258	370	1
47	370	2
1	370	3
258	371	1
47	371	2
1	371	3
257	372	1
47	372	2
1	372	3
257	373	1
47	373	2
1	373	3
257	374	1
47	374	2
1	374	3
257	375	1
47	375	2
1	375	3
257	376	1
47	376	2
1	376	3
257	377	1
47	377	2
1	377	3
257	378	1
47	378	2
1	378	3
257	379	1
47	379	2
1	379	3
257	380	1
47	380	2
1	380	3
256	381	1
47	381	2
1	381	3
256	382	1
47	382	2
1	382	3
256	383	1
47	383	2
1	383	3
256	384	1
47	384	2
1	384	3
256	385	1
47	385	2
1	385	3
256	386	1
47	386	2
1	386	3
256	387	1
47	387	2
1	387	3
256	388	1
47	388	2
1	388	3
256	389	1
47	389	2
1	389	3
256	390	1
47	390	2
1	390	3
255	391	1
47	391	2
1	391	3
255	392	1
47	392	2
1	392	3
255	393	1
47	393	2
1	393	3
255	394	1
47	394	2
1	394	3
255	395	1
47	395	2
1	395	3
255	396	1
47	396	2
1	396	3
255	397	1
47	397	2
1	397	3
255	398	1
47	398	2
1	398	3
255	399	1
47	399	2
1	399	3
255	400	1
47	400	2
1	400	3
255	401	1
47	401	2
1	401	3
254	402	1
47	402	2
1	402	3
254	403	1
47	403	2
1	403	3
254	404	1
47	404	2
1	404	3
254	405	1
47	405	2
1	405	3
254	406	1
47	406	2
1	406	3
253	407	1
47	407	2
1	407	3
253	408	1
47	408	2
1	408	3
253	409	1
47	409	2
1	409	3
253	410	1
47	410	2
1	410	3
252	411	1
47	411	2
1	411	3
252	412	1
47	412	2
1	412	3
252	413	1
47	413	2
1	413	3
252	414	1
47	414	2
1	414	3
252	415	1
47	415	2
1	415	3
252	416	1
47	416	2
1	416	3
252	417	1
47	417	2
1	417	3
252	418	1
47	418	2
1	418	3
252	419	1
47	419	2
1	419	3
252	420	1
47	420	2
1	420	3
251	421	1
47	421	2
1	421	3
251	422	1
47	422	2
1	422	3
251	423	1
47	423	2
1	423	3
251	424	1
47	424	2
1	424	3
251	425	1
47	425	2
1	425	3
251	426	1
47	426	2
1	426	3
251	427	1
47	427	2
1	427	3
251	428	1
47	428	2
1	428	3
251	429	1
47	429	2
1	429	3
251	430	1
47	430	2
1	430	3
251	431	1
47	431	2
1	431	3
251	432	1
47	432	2
1	432	3
251	433	1
47	433	2
1	433	3
251	434	1
47	434	2
1	434	3
251	435	1
47	435	2
1	435	3
251	436	1
47	436	2
1	436	3
251	437	1
47	437	2
1	437	3
251	438	1
47	438	2
1	438	3
251	439	1
47	439	2
1	439	3
251	440	1
47	440	2
1	440	3
251	441	1
47	441	2
1	441	3
251	442	1
47	442	2
1	442	3
251	443	1
47	443	2
1	443	3
251	444	1
47	444	2
1	444	3
251	445	1
47	445	2
1	445	3
251	446	1
47	446	2
1	446	3
251	447	1
47	447	2
1	447	3
251	448	1
47	448	2
1	448	3
251	449	1
47	449	2
1	449	3
251	450	1
47	450	2
1	450	3
250	451	1
47	451	2
1	451	3
250	452	1
47	452	2
1	452	3
250	453	1
47	453	2
1	453	3
250	454	1
47	454	2
1	454	3
249	455	1
47	455	2
1	455	3
249	456	1
47	456	2
1	456	3
249	457	1
47	457	2
1	457	3
249	458	1
47	458	2
1	458	3
249	459	1
47	459	2
1	459	3
249	460	1
47	460	2
1	460	3
249	461	1
47	461	2
1	461	3
249	462	1
47	462	2
1	462	3
249	463	1
47	463	2
1	463	3
249	464	1
47	464	2
1	464	3
249	465	1
47	465	2
1	465	3
249	466	1
47	466	2
1	466	3
249	467	1
47	467	2
1	467	3
249	468	1
47	468	2
1	468	3
249	469	1
47	469	2
1	469	3
249	470	1
47	470	2
1	470	3
249	471	1
47	471	2
1	471	3
249	472	1
47	472	2
1	472	3
249	473	1
47	473	2
1	473	3
249	474	1
47	474	2
1	474	3
249	475	1
47	475	2
1	475	3
249	476	1
47	476	2
1	476	3
249	477	1
47	477	2
1	477	3
249	478	1
47	478	2
1	478	3
249	479	1
47	479	2
1	479	3
249	480	1
47	480	2
1	480	3
249	481	1
47	481	2
1	481	3
249	482	1
47	482	2
1	482	3
249	483	1
47	483	2
1	483	3
249	484	1
47	484	2
1	484	3
249	485	1
47	485	2
1	485	3
249	486	1
47	486	2
1	486	3
249	487	1
47	487	2
1	487	3
249	488	1
47	488	2
1	488	3
249	489	1
47	489	2
1	489	3
249	490	1
47	490	2
1	490	3
249	491	1
47	491	2
1	491	3
249	492	1
47	492	2
1	492	3
249	493	1
47	493	2
1	493	3
249	494	1
47	494	2
1	494	3
249	495	1
47	495	2
1	495	3
249	496	1
47	496	2
1	496	3
249	497	1
47	497	2
1	497	3
248	498	1
47	498	2
1	498	3
248	499	1
47	499	2
1	499	3
248	500	1
47	500	2
1	500	3
248	501	1
47	501	2
1	501	3
248	502	1
47	502	2
1	502	3
248	503	1
47	503	2
1	503	3
248	504	1
47	504	2
1	504	3
248	505	1
47	505	2
1	505	3
248	506	1
47	506	2
1	506	3
248	507	1
47	507	2
1	507	3
248	508	1
47	508	2
1	508	3
248	509	1
47	509	2
1	509	3
248	510	1
47	510	2
1	510	3
248	511	1
47	511	2
1	511	3
248	512	1
47	512	2
1	512	3
248	513	1
47	513	2
1	513	3
248	514	1
47	514	2
1	514	3
248	515	1
47	515	2
1	515	3
248	516	1
47	516	2
1	516	3
248	517	1
47	517	2
1	517	3
248	518	1
47	518	2
1	518	3
248	519	1
47	519	2
1	519	3
248	520	1
47	520	2
1	520	3
248	521	1
47	521	2
1	521	3
248	522	1
47	522	2
1	522	3
247	523	1
47	523	2
1	523	3
247	524	1
47	524	2
1	524	3
247	525	1
47	525	2
1	525	3
247	526	1
47	526	2
1	526	3
247	527	1
47	527	2
1	527	3
247	528	1
47	528	2
1	528	3
247	529	1
47	529	2
1	529	3
247	530	1
47	530	2
1	530	3
247	531	1
47	531	2
1	531	3
247	532	1
47	532	2
1	532	3
247	533	1
47	533	2
1	533	3
247	534	1
47	534	2
1	534	3
247	535	1
47	535	2
1	535	3
246	536	1
47	536	2
1	536	3
246	537	1
47	537	2
1	537	3
246	538	1
47	538	2
1	538	3
246	539	1
47	539	2
1	539	3
246	540	1
47	540	2
1	540	3
246	541	1
47	541	2
1	541	3
246	542	1
47	542	2
1	542	3
246	543	1
47	543	2
1	543	3
246	544	1
47	544	2
1	544	3
246	545	1
47	545	2
1	545	3
246	546	1
47	546	2
1	546	3
246	547	1
47	547	2
1	547	3
246	548	1
47	548	2
1	548	3
246	549	1
47	549	2
1	549	3
246	550	1
47	550	2
1	550	3
246	551	1
47	551	2
1	551	3
246	552	1
47	552	2
1	552	3
246	553	1
47	553	2
1	553	3
246	554	1
47	554	2
1	554	3
246	555	1
47	555	2
1	555	3
246	556	1
47	556	2
1	556	3
245	557	1
47	557	2
1	557	3
245	558	1
47	558	2
1	558	3
245	559	1
47	559	2
1	559	3
245	560	1
47	560	2
1	560	3
245	561	1
47	561	2
1	561	3
244	562	1
47	562	2
1	562	3
244	563	1
47	563	2
1	563	3
244	564	1
47	564	2
1	564	3
244	565	1
47	565	2
1	565	3
244	566	1
47	566	2
1	566	3
244	567	1
47	567	2
1	567	3
244	568	1
47	568	2
1	568	3
244	569	1
47	569	2
1	569	3
244	570	1
47	570	2
1	570	3
244	571	1
47	571	2
1	571	3
244	572	1
47	572	2
1	572	3
244	573	1
47	573	2
1	573	3
244	574	1
47	574	2
1	574	3
244	575	1
47	575	2
1	575	3
244	576	1
47	576	2
1	576	3
244	577	1
47	577	2
1	577	3
244	578	1
47	578	2
1	578	3
244	579	1
47	579	2
1	579	3
244	580	1
47	580	2
1	580	3
244	581	1
47	581	2
1	581	3
244	582	1
47	582	2
1	582	3
244	583	1
47	583	2
1	583	3
244	584	1
47	584	2
1	584	3
244	585	1
47	585	2
1	585	3
244	586	1
47	586	2
1	586	3
244	587	1
47	587	2
1	587	3
244	588	1
47	588	2
1	588	3
244	589	1
47	589	2
1	589	3
244	590	1
47	590	2
1	590	3
244	591	1
47	591	2
1	591	3
243	592	1
47	592	2
1	592	3
243	593	1
47	593	2
1	593	3
243	594	1
47	594	2
1	594	3
243	595	1
47	595	2
1	595	3
243	596	1
47	596	2
1	596	3
243	597	1
47	597	2
1	597	3
243	598	1
47	598	2
1	598	3
243	599	1
47	599	2
1	599	3
243	600	1
47	600	2
1	600	3
243	601	1
47	601	2
1	601	3
243	602	1
47	602	2
1	602	3
243	603	1
47	603	2
1	603	3
242	604	1
47	604	2
1	604	3
242	605	1
47	605	2
1	605	3
242	606	1
47	606	2
1	606	3
242	607	1
47	607	2
1	607	3
242	608	1
47	608	2
1	608	3
242	609	1
47	609	2
1	609	3
242	610	1
47	610	2
1	610	3
242	611	1
47	611	2
1	611	3
242	612	1
47	612	2
1	612	3
242	613	1
47	613	2
1	613	3
242	614	1
47	614	2
1	614	3
242	615	1
47	615	2
1	615	3
242	616	1
47	616	2
1	616	3
242	617	1
47	617	2
1	617	3
242	618	1
47	618	2
1	618	3
242	619	1
47	619	2
1	619	3
242	620	1
47	620	2
1	620	3
241	621	1
47	621	2
1	621	3
241	622	1
47	622	2
1	622	3
241	623	1
47	623	2
1	623	3
241	624	1
47	624	2
1	624	3
241	625	1
47	625	2
1	625	3
241	626	1
47	626	2
1	626	3
241	627	1
47	627	2
1	627	3
241	628	1
47	628	2
1	628	3
241	629	1
47	629	2
1	629	3
241	630	1
47	630	2
1	630	3
241	631	1
47	631	2
1	631	3
241	632	1
47	632	2
1	632	3
241	633	1
47	633	2
1	633	3
241	634	1
47	634	2
1	634	3
241	635	1
47	635	2
1	635	3
241	636	1
47	636	2
1	636	3
241	637	1
47	637	2
1	637	3
241	638	1
47	638	2
1	638	3
241	639	1
47	639	2
1	639	3
241	640	1
47	640	2
1	640	3
241	641	1
47	641	2
1	641	3
241	642	1
47	642	2
1	642	3
46	643	1
1	643	2
46	644	1
1	644	2
46	645	1
1	645	2
46	646	1
1	646	2
46	647	1
1	647	2
46	648	1
1	648	2
46	649	1
1	649	2
46	650	1
1	650	2
46	651	1
1	651	2
46	652	1
1	652	2
46	653	1
1	653	2
46	654	1
1	654	2
46	655	1
1	655	2
46	656	1
1	656	2
46	657	1
1	657	2
46	658	1
1	658	2
46	659	1
1	659	2
46	660	1
1	660	2
46	661	1
1	661	2
46	662	1
1	662	2
45	663	1
1	663	2
45	664	1
1	664	2
664	665	1
45	665	2
1	665	3
664	666	1
45	666	2
1	666	3
664	667	1
45	667	2
1	667	3
664	668	1
45	668	2
1	668	3
664	669	1
45	669	2
1	669	3
664	670	1
45	670	2
1	670	3
664	671	1
45	671	2
1	671	3
664	672	1
45	672	2
1	672	3
664	673	1
45	673	2
1	673	3
664	674	1
45	674	2
1	674	3
664	675	1
45	675	2
1	675	3
664	676	1
45	676	2
1	676	3
664	677	1
45	677	2
1	677	3
663	678	1
45	678	2
1	678	3
663	679	1
45	679	2
1	679	3
663	680	1
45	680	2
1	680	3
663	681	1
45	681	2
1	681	3
663	682	1
45	682	2
1	682	3
663	683	1
45	683	2
1	683	3
44	684	1
1	684	2
44	685	1
1	685	2
44	686	1
1	686	2
44	687	1
1	687	2
44	688	1
1	688	2
44	689	1
1	689	2
44	690	1
1	690	2
44	691	1
1	691	2
44	692	1
1	692	2
44	693	1
1	693	2
44	694	1
1	694	2
44	695	1
1	695	2
44	696	1
1	696	2
44	697	1
1	697	2
44	698	1
1	698	2
44	699	1
1	699	2
44	700	1
1	700	2
44	701	1
1	701	2
44	702	1
1	702	2
44	703	1
1	703	2
44	704	1
1	704	2
44	705	1
1	705	2
44	706	1
1	706	2
44	707	1
1	707	2
44	708	1
1	708	2
44	709	1
1	709	2
44	710	1
1	710	2
44	711	1
1	711	2
44	712	1
1	712	2
44	713	1
1	713	2
44	714	1
1	714	2
44	715	1
1	715	2
44	716	1
1	716	2
716	717	1
44	717	2
1	717	3
716	718	1
44	718	2
1	718	3
716	719	1
44	719	2
1	719	3
716	720	1
44	720	2
1	720	3
716	721	1
44	721	2
1	721	3
716	722	1
44	722	2
1	722	3
716	723	1
44	723	2
1	723	3
716	724	1
44	724	2
1	724	3
715	725	1
44	725	2
1	725	3
715	726	1
44	726	2
1	726	3
715	727	1
44	727	2
1	727	3
715	728	1
44	728	2
1	728	3
715	729	1
44	729	2
1	729	3
715	730	1
44	730	2
1	730	3
715	731	1
44	731	2
1	731	3
715	732	1
44	732	2
1	732	3
715	733	1
44	733	2
1	733	3
715	734	1
44	734	2
1	734	3
714	735	1
44	735	2
1	735	3
714	736	1
44	736	2
1	736	3
714	737	1
44	737	2
1	737	3
714	738	1
44	738	2
1	738	3
714	739	1
44	739	2
1	739	3
714	740	1
44	740	2
1	740	3
714	741	1
44	741	2
1	741	3
714	742	1
44	742	2
1	742	3
714	743	1
44	743	2
1	743	3
714	744	1
44	744	2
1	744	3
714	745	1
44	745	2
1	745	3
714	746	1
44	746	2
1	746	3
714	747	1
44	747	2
1	747	3
714	748	1
44	748	2
1	748	3
714	749	1
44	749	2
1	749	3
714	750	1
44	750	2
1	750	3
713	751	1
44	751	2
1	751	3
713	752	1
44	752	2
1	752	3
713	753	1
44	753	2
1	753	3
713	754	1
44	754	2
1	754	3
713	755	1
44	755	2
1	755	3
713	756	1
44	756	2
1	756	3
713	757	1
44	757	2
1	757	3
713	758	1
44	758	2
1	758	3
713	759	1
44	759	2
1	759	3
713	760	1
44	760	2
1	760	3
713	761	1
44	761	2
1	761	3
713	762	1
44	762	2
1	762	3
712	763	1
44	763	2
1	763	3
712	764	1
44	764	2
1	764	3
711	765	1
44	765	2
1	765	3
711	766	1
44	766	2
1	766	3
711	767	1
44	767	2
1	767	3
711	768	1
44	768	2
1	768	3
711	769	1
44	769	2
1	769	3
711	770	1
44	770	2
1	770	3
711	771	1
44	771	2
1	771	3
711	772	1
44	772	2
1	772	3
711	773	1
44	773	2
1	773	3
711	774	1
44	774	2
1	774	3
711	775	1
44	775	2
1	775	3
711	776	1
44	776	2
1	776	3
711	777	1
44	777	2
1	777	3
711	778	1
44	778	2
1	778	3
711	779	1
44	779	2
1	779	3
710	780	1
44	780	2
1	780	3
710	781	1
44	781	2
1	781	3
709	782	1
44	782	2
1	782	3
709	783	1
44	783	2
1	783	3
709	784	1
44	784	2
1	784	3
709	785	1
44	785	2
1	785	3
709	786	1
44	786	2
1	786	3
709	787	1
44	787	2
1	787	3
709	788	1
44	788	2
1	788	3
709	789	1
44	789	2
1	789	3
709	790	1
44	790	2
1	790	3
709	791	1
44	791	2
1	791	3
709	792	1
44	792	2
1	792	3
709	793	1
44	793	2
1	793	3
709	794	1
44	794	2
1	794	3
709	795	1
44	795	2
1	795	3
708	796	1
44	796	2
1	796	3
708	797	1
44	797	2
1	797	3
708	798	1
44	798	2
1	798	3
708	799	1
44	799	2
1	799	3
708	800	1
44	800	2
1	800	3
708	801	1
44	801	2
1	801	3
707	802	1
44	802	2
1	802	3
707	803	1
44	803	2
1	803	3
707	804	1
44	804	2
1	804	3
706	805	1
44	805	2
1	805	3
706	806	1
44	806	2
1	806	3
706	807	1
44	807	2
1	807	3
706	808	1
44	808	2
1	808	3
706	809	1
44	809	2
1	809	3
706	810	1
44	810	2
1	810	3
706	811	1
44	811	2
1	811	3
706	812	1
44	812	2
1	812	3
706	813	1
44	813	2
1	813	3
706	814	1
44	814	2
1	814	3
706	815	1
44	815	2
1	815	3
706	816	1
44	816	2
1	816	3
706	817	1
44	817	2
1	817	3
706	818	1
44	818	2
1	818	3
705	819	1
44	819	2
1	819	3
705	820	1
44	820	2
1	820	3
705	821	1
44	821	2
1	821	3
705	822	1
44	822	2
1	822	3
704	823	1
44	823	2
1	823	3
704	824	1
44	824	2
1	824	3
704	825	1
44	825	2
1	825	3
704	826	1
44	826	2
1	826	3
704	827	1
44	827	2
1	827	3
704	828	1
44	828	2
1	828	3
704	829	1
44	829	2
1	829	3
704	830	1
44	830	2
1	830	3
704	831	1
44	831	2
1	831	3
704	832	1
44	832	2
1	832	3
704	833	1
44	833	2
1	833	3
704	834	1
44	834	2
1	834	3
704	835	1
44	835	2
1	835	3
704	836	1
44	836	2
1	836	3
704	837	1
44	837	2
1	837	3
704	838	1
44	838	2
1	838	3
704	839	1
44	839	2
1	839	3
704	840	1
44	840	2
1	840	3
704	841	1
44	841	2
1	841	3
704	842	1
44	842	2
1	842	3
704	843	1
44	843	2
1	843	3
704	844	1
44	844	2
1	844	3
704	845	1
44	845	2
1	845	3
704	846	1
44	846	2
1	846	3
703	847	1
44	847	2
1	847	3
702	848	1
44	848	2
1	848	3
702	849	1
44	849	2
1	849	3
702	850	1
44	850	2
1	850	3
702	851	1
44	851	2
1	851	3
702	852	1
44	852	2
1	852	3
702	853	1
44	853	2
1	853	3
702	854	1
44	854	2
1	854	3
702	855	1
44	855	2
1	855	3
702	856	1
44	856	2
1	856	3
702	857	1
44	857	2
1	857	3
701	858	1
44	858	2
1	858	3
701	859	1
44	859	2
1	859	3
701	860	1
44	860	2
1	860	3
701	861	1
44	861	2
1	861	3
701	862	1
44	862	2
1	862	3
701	863	1
44	863	2
1	863	3
701	864	1
44	864	2
1	864	3
701	865	1
44	865	2
1	865	3
700	866	1
44	866	2
1	866	3
700	867	1
44	867	2
1	867	3
700	868	1
44	868	2
1	868	3
700	869	1
44	869	2
1	869	3
700	870	1
44	870	2
1	870	3
700	871	1
44	871	2
1	871	3
700	872	1
44	872	2
1	872	3
700	873	1
44	873	2
1	873	3
700	874	1
44	874	2
1	874	3
700	875	1
44	875	2
1	875	3
700	876	1
44	876	2
1	876	3
699	877	1
44	877	2
1	877	3
698	878	1
44	878	2
1	878	3
698	879	1
44	879	2
1	879	3
698	880	1
44	880	2
1	880	3
698	881	1
44	881	2
1	881	3
698	882	1
44	882	2
1	882	3
698	883	1
44	883	2
1	883	3
698	884	1
44	884	2
1	884	3
698	885	1
44	885	2
1	885	3
698	886	1
44	886	2
1	886	3
698	887	1
44	887	2
1	887	3
697	888	1
44	888	2
1	888	3
697	889	1
44	889	2
1	889	3
697	890	1
44	890	2
1	890	3
697	891	1
44	891	2
1	891	3
697	892	1
44	892	2
1	892	3
697	893	1
44	893	2
1	893	3
697	894	1
44	894	2
1	894	3
697	895	1
44	895	2
1	895	3
697	896	1
44	896	2
1	896	3
697	897	1
44	897	2
1	897	3
697	898	1
44	898	2
1	898	3
697	899	1
44	899	2
1	899	3
697	900	1
44	900	2
1	900	3
697	901	1
44	901	2
1	901	3
696	902	1
44	902	2
1	902	3
696	903	1
44	903	2
1	903	3
696	904	1
44	904	2
1	904	3
696	905	1
44	905	2
1	905	3
696	906	1
44	906	2
1	906	3
696	907	1
44	907	2
1	907	3
696	908	1
44	908	2
1	908	3
696	909	1
44	909	2
1	909	3
696	910	1
44	910	2
1	910	3
696	911	1
44	911	2
1	911	3
696	912	1
44	912	2
1	912	3
696	913	1
44	913	2
1	913	3
696	914	1
44	914	2
1	914	3
696	915	1
44	915	2
1	915	3
696	916	1
44	916	2
1	916	3
696	917	1
44	917	2
1	917	3
696	918	1
44	918	2
1	918	3
696	919	1
44	919	2
1	919	3
696	920	1
44	920	2
1	920	3
696	921	1
44	921	2
1	921	3
695	922	1
44	922	2
1	922	3
695	923	1
44	923	2
1	923	3
695	924	1
44	924	2
1	924	3
695	925	1
44	925	2
1	925	3
695	926	1
44	926	2
1	926	3
695	927	1
44	927	2
1	927	3
694	928	1
44	928	2
1	928	3
694	929	1
44	929	2
1	929	3
694	930	1
44	930	2
1	930	3
694	931	1
44	931	2
1	931	3
694	932	1
44	932	2
1	932	3
694	933	1
44	933	2
1	933	3
694	934	1
44	934	2
1	934	3
694	935	1
44	935	2
1	935	3
694	936	1
44	936	2
1	936	3
694	937	1
44	937	2
1	937	3
694	938	1
44	938	2
1	938	3
694	939	1
44	939	2
1	939	3
694	940	1
44	940	2
1	940	3
693	941	1
44	941	2
1	941	3
693	942	1
44	942	2
1	942	3
693	943	1
44	943	2
1	943	3
693	944	1
44	944	2
1	944	3
693	945	1
44	945	2
1	945	3
693	946	1
44	946	2
1	946	3
693	947	1
44	947	2
1	947	3
693	948	1
44	948	2
1	948	3
693	949	1
44	949	2
1	949	3
693	950	1
44	950	2
1	950	3
692	951	1
44	951	2
1	951	3
692	952	1
44	952	2
1	952	3
692	953	1
44	953	2
1	953	3
691	954	1
44	954	2
1	954	3
691	955	1
44	955	2
1	955	3
691	956	1
44	956	2
1	956	3
691	957	1
44	957	2
1	957	3
690	958	1
44	958	2
1	958	3
690	959	1
44	959	2
1	959	3
690	960	1
44	960	2
1	960	3
690	961	1
44	961	2
1	961	3
690	962	1
44	962	2
1	962	3
690	963	1
44	963	2
1	963	3
690	964	1
44	964	2
1	964	3
690	965	1
44	965	2
1	965	3
690	966	1
44	966	2
1	966	3
690	967	1
44	967	2
1	967	3
690	968	1
44	968	2
1	968	3
690	969	1
44	969	2
1	969	3
689	970	1
44	970	2
1	970	3
689	971	1
44	971	2
1	971	3
689	972	1
44	972	2
1	972	3
689	973	1
44	973	2
1	973	3
689	974	1
44	974	2
1	974	3
689	975	1
44	975	2
1	975	3
689	976	1
44	976	2
1	976	3
689	977	1
44	977	2
1	977	3
689	978	1
44	978	2
1	978	3
689	979	1
44	979	2
1	979	3
689	980	1
44	980	2
1	980	3
689	981	1
44	981	2
1	981	3
689	982	1
44	982	2
1	982	3
689	983	1
44	983	2
1	983	3
689	984	1
44	984	2
1	984	3
689	985	1
44	985	2
1	985	3
689	986	1
44	986	2
1	986	3
689	987	1
44	987	2
1	987	3
689	988	1
44	988	2
1	988	3
689	989	1
44	989	2
1	989	3
689	990	1
44	990	2
1	990	3
689	991	1
44	991	2
1	991	3
689	992	1
44	992	2
1	992	3
689	993	1
44	993	2
1	993	3
689	994	1
44	994	2
1	994	3
689	995	1
44	995	2
1	995	3
689	996	1
44	996	2
1	996	3
689	997	1
44	997	2
1	997	3
688	998	1
44	998	2
1	998	3
688	999	1
44	999	2
1	999	3
688	1000	1
44	1000	2
1	1000	3
688	1001	1
44	1001	2
1	1001	3
687	1002	1
44	1002	2
1	1002	3
687	1003	1
44	1003	2
1	1003	3
687	1004	1
44	1004	2
1	1004	3
687	1005	1
44	1005	2
1	1005	3
687	1006	1
44	1006	2
1	1006	3
687	1007	1
44	1007	2
1	1007	3
687	1008	1
44	1008	2
1	1008	3
687	1009	1
44	1009	2
1	1009	3
687	1010	1
44	1010	2
1	1010	3
687	1011	1
44	1011	2
1	1011	3
687	1012	1
44	1012	2
1	1012	3
687	1013	1
44	1013	2
1	1013	3
687	1014	1
44	1014	2
1	1014	3
687	1015	1
44	1015	2
1	1015	3
687	1016	1
44	1016	2
1	1016	3
687	1017	1
44	1017	2
1	1017	3
687	1018	1
44	1018	2
1	1018	3
687	1019	1
44	1019	2
1	1019	3
687	1020	1
44	1020	2
1	1020	3
687	1021	1
44	1021	2
1	1021	3
687	1022	1
44	1022	2
1	1022	3
687	1023	1
44	1023	2
1	1023	3
687	1024	1
44	1024	2
1	1024	3
687	1025	1
44	1025	2
1	1025	3
687	1026	1
44	1026	2
1	1026	3
687	1027	1
44	1027	2
1	1027	3
687	1028	1
44	1028	2
1	1028	3
687	1029	1
44	1029	2
1	1029	3
687	1030	1
44	1030	2
1	1030	3
687	1031	1
44	1031	2
1	1031	3
686	1032	1
44	1032	2
1	1032	3
686	1033	1
44	1033	2
1	1033	3
686	1034	1
44	1034	2
1	1034	3
686	1035	1
44	1035	2
1	1035	3
686	1036	1
44	1036	2
1	1036	3
686	1037	1
44	1037	2
1	1037	3
686	1038	1
44	1038	2
1	1038	3
686	1039	1
44	1039	2
1	1039	3
686	1040	1
44	1040	2
1	1040	3
686	1041	1
44	1041	2
1	1041	3
686	1042	1
44	1042	2
1	1042	3
686	1043	1
44	1043	2
1	1043	3
686	1044	1
44	1044	2
1	1044	3
686	1045	1
44	1045	2
1	1045	3
686	1046	1
44	1046	2
1	1046	3
686	1047	1
44	1047	2
1	1047	3
685	1048	1
44	1048	2
1	1048	3
685	1049	1
44	1049	2
1	1049	3
685	1050	1
44	1050	2
1	1050	3
685	1051	1
44	1051	2
1	1051	3
685	1052	1
44	1052	2
1	1052	3
685	1053	1
44	1053	2
1	1053	3
685	1054	1
44	1054	2
1	1054	3
685	1055	1
44	1055	2
1	1055	3
685	1056	1
44	1056	2
1	1056	3
685	1057	1
44	1057	2
1	1057	3
684	1058	1
44	1058	2
1	1058	3
684	1059	1
44	1059	2
1	1059	3
684	1060	1
44	1060	2
1	1060	3
684	1061	1
44	1061	2
1	1061	3
684	1062	1
44	1062	2
1	1062	3
684	1063	1
44	1063	2
1	1063	3
684	1064	1
44	1064	2
1	1064	3
43	1065	1
1	1065	2
43	1066	1
1	1066	2
42	1067	1
1	1067	2
42	1068	1
1	1068	2
42	1069	1
1	1069	2
42	1070	1
1	1070	2
41	1071	1
1	1071	2
40	1072	1
1	1072	2
40	1073	1
1	1073	2
40	1074	1
1	1074	2
40	1075	1
1	1075	2
40	1076	1
1	1076	2
40	1077	1
1	1077	2
40	1078	1
1	1078	2
40	1079	1
1	1079	2
40	1080	1
1	1080	2
40	1081	1
1	1081	2
40	1082	1
1	1082	2
40	1083	1
1	1083	2
40	1084	1
1	1084	2
40	1085	1
1	1085	2
40	1086	1
1	1086	2
40	1087	1
1	1087	2
40	1088	1
1	1088	2
40	1089	1
1	1089	2
40	1090	1
1	1090	2
40	1091	1
1	1091	2
40	1092	1
1	1092	2
1092	1093	1
40	1093	2
1	1093	3
1092	1094	1
40	1094	2
1	1094	3
1092	1095	1
40	1095	2
1	1095	3
1092	1096	1
40	1096	2
1	1096	3
1092	1097	1
40	1097	2
1	1097	3
1092	1098	1
40	1098	2
1	1098	3
1092	1099	1
40	1099	2
1	1099	3
1092	1100	1
40	1100	2
1	1100	3
1092	1101	1
40	1101	2
1	1101	3
1092	1102	1
40	1102	2
1	1102	3
1091	1103	1
40	1103	2
1	1103	3
1091	1104	1
40	1104	2
1	1104	3
1091	1105	1
40	1105	2
1	1105	3
1091	1106	1
40	1106	2
1	1106	3
1091	1107	1
40	1107	2
1	1107	3
1091	1108	1
40	1108	2
1	1108	3
1091	1109	1
40	1109	2
1	1109	3
1091	1110	1
40	1110	2
1	1110	3
1091	1111	1
40	1111	2
1	1111	3
1091	1112	1
40	1112	2
1	1112	3
1091	1113	1
40	1113	2
1	1113	3
1091	1114	1
40	1114	2
1	1114	3
1091	1115	1
40	1115	2
1	1115	3
1091	1116	1
40	1116	2
1	1116	3
1091	1117	1
40	1117	2
1	1117	3
1091	1118	1
40	1118	2
1	1118	3
1091	1119	1
40	1119	2
1	1119	3
1091	1120	1
40	1120	2
1	1120	3
1091	1121	1
40	1121	2
1	1121	3
1091	1122	1
40	1122	2
1	1122	3
1091	1123	1
40	1123	2
1	1123	3
1091	1124	1
40	1124	2
1	1124	3
1091	1125	1
40	1125	2
1	1125	3
1091	1126	1
40	1126	2
1	1126	3
1091	1127	1
40	1127	2
1	1127	3
1091	1128	1
40	1128	2
1	1128	3
1091	1129	1
40	1129	2
1	1129	3
1091	1130	1
40	1130	2
1	1130	3
1091	1131	1
40	1131	2
1	1131	3
1091	1132	1
40	1132	2
1	1132	3
1090	1133	1
40	1133	2
1	1133	3
1090	1134	1
40	1134	2
1	1134	3
1090	1135	1
40	1135	2
1	1135	3
1090	1136	1
40	1136	2
1	1136	3
1089	1137	1
40	1137	2
1	1137	3
1089	1138	1
40	1138	2
1	1138	3
1089	1139	1
40	1139	2
1	1139	3
1089	1140	1
40	1140	2
1	1140	3
1089	1141	1
40	1141	2
1	1141	3
1089	1142	1
40	1142	2
1	1142	3
1089	1143	1
40	1143	2
1	1143	3
1089	1144	1
40	1144	2
1	1144	3
1089	1145	1
40	1145	2
1	1145	3
1089	1146	1
40	1146	2
1	1146	3
1089	1147	1
40	1147	2
1	1147	3
1089	1148	1
40	1148	2
1	1148	3
1088	1149	1
40	1149	2
1	1149	3
1088	1150	1
40	1150	2
1	1150	3
1088	1151	1
40	1151	2
1	1151	3
1088	1152	1
40	1152	2
1	1152	3
1088	1153	1
40	1153	2
1	1153	3
1088	1154	1
40	1154	2
1	1154	3
1088	1155	1
40	1155	2
1	1155	3
1088	1156	1
40	1156	2
1	1156	3
1088	1157	1
40	1157	2
1	1157	3
1087	1158	1
40	1158	2
1	1158	3
1087	1159	1
40	1159	2
1	1159	3
1087	1160	1
40	1160	2
1	1160	3
1087	1161	1
40	1161	2
1	1161	3
1087	1162	1
40	1162	2
1	1162	3
1087	1163	1
40	1163	2
1	1163	3
1087	1164	1
40	1164	2
1	1164	3
1087	1165	1
40	1165	2
1	1165	3
1086	1166	1
40	1166	2
1	1166	3
1085	1167	1
40	1167	2
1	1167	3
1085	1168	1
40	1168	2
1	1168	3
1085	1169	1
40	1169	2
1	1169	3
1085	1170	1
40	1170	2
1	1170	3
1085	1171	1
40	1171	2
1	1171	3
1085	1172	1
40	1172	2
1	1172	3
1085	1173	1
40	1173	2
1	1173	3
1085	1174	1
40	1174	2
1	1174	3
1085	1175	1
40	1175	2
1	1175	3
1085	1176	1
40	1176	2
1	1176	3
1085	1177	1
40	1177	2
1	1177	3
1085	1178	1
40	1178	2
1	1178	3
1085	1179	1
40	1179	2
1	1179	3
1085	1180	1
40	1180	2
1	1180	3
1085	1181	1
40	1181	2
1	1181	3
1085	1182	1
40	1182	2
1	1182	3
1084	1183	1
40	1183	2
1	1183	3
1084	1184	1
40	1184	2
1	1184	3
1084	1185	1
40	1185	2
1	1185	3
1084	1186	1
40	1186	2
1	1186	3
1084	1187	1
40	1187	2
1	1187	3
1084	1188	1
40	1188	2
1	1188	3
1084	1189	1
40	1189	2
1	1189	3
1083	1190	1
40	1190	2
1	1190	3
1083	1191	1
40	1191	2
1	1191	3
1083	1192	1
40	1192	2
1	1192	3
1083	1193	1
40	1193	2
1	1193	3
1083	1194	1
40	1194	2
1	1194	3
1083	1195	1
40	1195	2
1	1195	3
1083	1196	1
40	1196	2
1	1196	3
1083	1197	1
40	1197	2
1	1197	3
1083	1198	1
40	1198	2
1	1198	3
1083	1199	1
40	1199	2
1	1199	3
1083	1200	1
40	1200	2
1	1200	3
1083	1201	1
40	1201	2
1	1201	3
1083	1202	1
40	1202	2
1	1202	3
1083	1203	1
40	1203	2
1	1203	3
1083	1204	1
40	1204	2
1	1204	3
1082	1205	1
40	1205	2
1	1205	3
1082	1206	1
40	1206	2
1	1206	3
1081	1207	1
40	1207	2
1	1207	3
1081	1208	1
40	1208	2
1	1208	3
1081	1209	1
40	1209	2
1	1209	3
1081	1210	1
40	1210	2
1	1210	3
1081	1211	1
40	1211	2
1	1211	3
1081	1212	1
40	1212	2
1	1212	3
1081	1213	1
40	1213	2
1	1213	3
1081	1214	1
40	1214	2
1	1214	3
1081	1215	1
40	1215	2
1	1215	3
1081	1216	1
40	1216	2
1	1216	3
1081	1217	1
40	1217	2
1	1217	3
1081	1218	1
40	1218	2
1	1218	3
1081	1219	1
40	1219	2
1	1219	3
1081	1220	1
40	1220	2
1	1220	3
1081	1221	1
40	1221	2
1	1221	3
1081	1222	1
40	1222	2
1	1222	3
1081	1223	1
40	1223	2
1	1223	3
1081	1224	1
40	1224	2
1	1224	3
1081	1225	1
40	1225	2
1	1225	3
1081	1226	1
40	1226	2
1	1226	3
1081	1227	1
40	1227	2
1	1227	3
1081	1228	1
40	1228	2
1	1228	3
1081	1229	1
40	1229	2
1	1229	3
1081	1230	1
40	1230	2
1	1230	3
1081	1231	1
40	1231	2
1	1231	3
1081	1232	1
40	1232	2
1	1232	3
1081	1233	1
40	1233	2
1	1233	3
1081	1234	1
40	1234	2
1	1234	3
1081	1235	1
40	1235	2
1	1235	3
1081	1236	1
40	1236	2
1	1236	3
1081	1237	1
40	1237	2
1	1237	3
1081	1238	1
40	1238	2
1	1238	3
1081	1239	1
40	1239	2
1	1239	3
1081	1240	1
40	1240	2
1	1240	3
1080	1241	1
40	1241	2
1	1241	3
1080	1242	1
40	1242	2
1	1242	3
1080	1243	1
40	1243	2
1	1243	3
1080	1244	1
40	1244	2
1	1244	3
1080	1245	1
40	1245	2
1	1245	3
1080	1246	1
40	1246	2
1	1246	3
1079	1247	1
40	1247	2
1	1247	3
1079	1248	1
40	1248	2
1	1248	3
1079	1249	1
40	1249	2
1	1249	3
1078	1250	1
40	1250	2
1	1250	3
1078	1251	1
40	1251	2
1	1251	3
1078	1252	1
40	1252	2
1	1252	3
1078	1253	1
40	1253	2
1	1253	3
1078	1254	1
40	1254	2
1	1254	3
1078	1255	1
40	1255	2
1	1255	3
1078	1256	1
40	1256	2
1	1256	3
1078	1257	1
40	1257	2
1	1257	3
1078	1258	1
40	1258	2
1	1258	3
1078	1259	1
40	1259	2
1	1259	3
1078	1260	1
40	1260	2
1	1260	3
1078	1261	1
40	1261	2
1	1261	3
1078	1262	1
40	1262	2
1	1262	3
1078	1263	1
40	1263	2
1	1263	3
1078	1264	1
40	1264	2
1	1264	3
1078	1265	1
40	1265	2
1	1265	3
1078	1266	1
40	1266	2
1	1266	3
1078	1267	1
40	1267	2
1	1267	3
1078	1268	1
40	1268	2
1	1268	3
1078	1269	1
40	1269	2
1	1269	3
1078	1270	1
40	1270	2
1	1270	3
1078	1271	1
40	1271	2
1	1271	3
1078	1272	1
40	1272	2
1	1272	3
1078	1273	1
40	1273	2
1	1273	3
1077	1274	1
40	1274	2
1	1274	3
1077	1275	1
40	1275	2
1	1275	3
1077	1276	1
40	1276	2
1	1276	3
1077	1277	1
40	1277	2
1	1277	3
1077	1278	1
40	1278	2
1	1278	3
1077	1279	1
40	1279	2
1	1279	3
1077	1280	1
40	1280	2
1	1280	3
1077	1281	1
40	1281	2
1	1281	3
1077	1282	1
40	1282	2
1	1282	3
1077	1283	1
40	1283	2
1	1283	3
1076	1284	1
40	1284	2
1	1284	3
1076	1285	1
40	1285	2
1	1285	3
1076	1286	1
40	1286	2
1	1286	3
1076	1287	1
40	1287	2
1	1287	3
1076	1288	1
40	1288	2
1	1288	3
1076	1289	1
40	1289	2
1	1289	3
1076	1290	1
40	1290	2
1	1290	3
1076	1291	1
40	1291	2
1	1291	3
1075	1292	1
40	1292	2
1	1292	3
1075	1293	1
40	1293	2
1	1293	3
1075	1294	1
40	1294	2
1	1294	3
1075	1295	1
40	1295	2
1	1295	3
1075	1296	1
40	1296	2
1	1296	3
1075	1297	1
40	1297	2
1	1297	3
1075	1298	1
40	1298	2
1	1298	3
1075	1299	1
40	1299	2
1	1299	3
1075	1300	1
40	1300	2
1	1300	3
1075	1301	1
40	1301	2
1	1301	3
1075	1302	1
40	1302	2
1	1302	3
1075	1303	1
40	1303	2
1	1303	3
1075	1304	1
40	1304	2
1	1304	3
1075	1305	1
40	1305	2
1	1305	3
1075	1306	1
40	1306	2
1	1306	3
1075	1307	1
40	1307	2
1	1307	3
1075	1308	1
40	1308	2
1	1308	3
1075	1309	1
40	1309	2
1	1309	3
1075	1310	1
40	1310	2
1	1310	3
1075	1311	1
40	1311	2
1	1311	3
1075	1312	1
40	1312	2
1	1312	3
1074	1313	1
40	1313	2
1	1313	3
1074	1314	1
40	1314	2
1	1314	3
1074	1315	1
40	1315	2
1	1315	3
1074	1316	1
40	1316	2
1	1316	3
1074	1317	1
40	1317	2
1	1317	3
1074	1318	1
40	1318	2
1	1318	3
1074	1319	1
40	1319	2
1	1319	3
1074	1320	1
40	1320	2
1	1320	3
1074	1321	1
40	1321	2
1	1321	3
1074	1322	1
40	1322	2
1	1322	3
1074	1323	1
40	1323	2
1	1323	3
1074	1324	1
40	1324	2
1	1324	3
1073	1325	1
40	1325	2
1	1325	3
1073	1326	1
40	1326	2
1	1326	3
1073	1327	1
40	1327	2
1	1327	3
1073	1328	1
40	1328	2
1	1328	3
1073	1329	1
40	1329	2
1	1329	3
1073	1330	1
40	1330	2
1	1330	3
1073	1331	1
40	1331	2
1	1331	3
1073	1332	1
40	1332	2
1	1332	3
1073	1333	1
40	1333	2
1	1333	3
1073	1334	1
40	1334	2
1	1334	3
1073	1335	1
40	1335	2
1	1335	3
1073	1336	1
40	1336	2
1	1336	3
1073	1337	1
40	1337	2
1	1337	3
1073	1338	1
40	1338	2
1	1338	3
1072	1339	1
40	1339	2
1	1339	3
1072	1340	1
40	1340	2
1	1340	3
1072	1341	1
40	1341	2
1	1341	3
1072	1342	1
40	1342	2
1	1342	3
1072	1343	1
40	1343	2
1	1343	3
39	1344	1
1	1344	2
39	1345	1
1	1345	2
39	1346	1
1	1346	2
39	1347	1
1	1347	2
39	1348	1
1	1348	2
39	1349	1
1	1349	2
39	1350	1
1	1350	2
39	1351	1
1	1351	2
39	1352	1
1	1352	2
39	1353	1
1	1353	2
39	1354	1
1	1354	2
39	1355	1
1	1355	2
39	1356	1
1	1356	2
39	1357	1
1	1357	2
39	1358	1
1	1358	2
39	1359	1
1	1359	2
39	1360	1
1	1360	2
39	1361	1
1	1361	2
39	1362	1
1	1362	2
39	1363	1
1	1363	2
39	1364	1
1	1364	2
39	1365	1
1	1365	2
39	1366	1
1	1366	2
39	1367	1
1	1367	2
39	1368	1
1	1368	2
39	1369	1
1	1369	2
39	1370	1
1	1370	2
39	1371	1
1	1371	2
39	1372	1
1	1372	2
39	1373	1
1	1373	2
39	1374	1
1	1374	2
39	1375	1
1	1375	2
39	1376	1
1	1376	2
39	1377	1
1	1377	2
39	1378	1
1	1378	2
39	1379	1
1	1379	2
39	1380	1
1	1380	2
39	1381	1
1	1381	2
38	1382	1
1	1382	2
38	1383	1
1	1383	2
38	1384	1
1	1384	2
38	1385	1
1	1385	2
38	1386	1
1	1386	2
38	1387	1
1	1387	2
38	1388	1
1	1388	2
37	1389	1
1	1389	2
37	1390	1
1	1390	2
37	1391	1
1	1391	2
37	1392	1
1	1392	2
36	1393	1
1	1393	2
36	1394	1
1	1394	2
36	1395	1
1	1395	2
36	1396	1
1	1396	2
36	1397	1
1	1397	2
35	1398	1
1	1398	2
35	1399	1
1	1399	2
35	1400	1
1	1400	2
35	1401	1
1	1401	2
35	1402	1
1	1402	2
35	1403	1
1	1403	2
35	1404	1
1	1404	2
35	1405	1
1	1405	2
35	1406	1
1	1406	2
35	1407	1
1	1407	2
35	1408	1
1	1408	2
35	1409	1
1	1409	2
35	1410	1
1	1410	2
35	1411	1
1	1411	2
35	1412	1
1	1412	2
34	1413	1
1	1413	2
33	1414	1
1	1414	2
33	1415	1
1	1415	2
33	1416	1
1	1416	2
33	1417	1
1	1417	2
33	1418	1
1	1418	2
32	1419	1
1	1419	2
32	1420	1
1	1420	2
32	1421	1
1	1421	2
32	1422	1
1	1422	2
32	1423	1
1	1423	2
32	1424	1
1	1424	2
32	1425	1
1	1425	2
32	1426	1
1	1426	2
32	1427	1
1	1427	2
32	1428	1
1	1428	2
32	1429	1
1	1429	2
32	1430	1
1	1430	2
32	1431	1
1	1431	2
32	1432	1
1	1432	2
32	1433	1
1	1433	2
32	1434	1
1	1434	2
32	1435	1
1	1435	2
32	1436	1
1	1436	2
32	1437	1
1	1437	2
32	1438	1
1	1438	2
32	1439	1
1	1439	2
32	1440	1
1	1440	2
32	1441	1
1	1441	2
32	1442	1
1	1442	2
32	1443	1
1	1443	2
32	1444	1
1	1444	2
32	1445	1
1	1445	2
32	1446	1
1	1446	2
32	1447	1
1	1447	2
32	1448	1
1	1448	2
32	1449	1
1	1449	2
32	1450	1
1	1450	2
32	1451	1
1	1451	2
32	1452	1
1	1452	2
32	1453	1
1	1453	2
32	1454	1
1	1454	2
31	1455	1
1	1455	2
31	1456	1
1	1456	2
31	1457	1
1	1457	2
31	1458	1
1	1458	2
31	1459	1
1	1459	2
31	1460	1
1	1460	2
31	1461	1
1	1461	2
31	1462	1
1	1462	2
31	1463	1
1	1463	2
31	1464	1
1	1464	2
31	1465	1
1	1465	2
31	1466	1
1	1466	2
31	1467	1
1	1467	2
31	1468	1
1	1468	2
31	1469	1
1	1469	2
31	1470	1
1	1470	2
31	1471	1
1	1471	2
31	1472	1
1	1472	2
31	1473	1
1	1473	2
31	1474	1
1	1474	2
31	1475	1
1	1475	2
30	1476	1
1	1476	2
30	1477	1
1	1477	2
30	1478	1
1	1478	2
30	1479	1
1	1479	2
30	1480	1
1	1480	2
30	1481	1
1	1481	2
30	1482	1
1	1482	2
30	1483	1
1	1483	2
30	1484	1
1	1484	2
30	1485	1
1	1485	2
30	1486	1
1	1486	2
30	1487	1
1	1487	2
30	1488	1
1	1488	2
30	1489	1
1	1489	2
30	1490	1
1	1490	2
30	1491	1
1	1491	2
30	1492	1
1	1492	2
30	1493	1
1	1493	2
29	1494	1
1	1494	2
29	1495	1
1	1495	2
29	1496	1
1	1496	2
28	1497	1
1	1497	2
28	1498	1
1	1498	2
28	1499	1
1	1499	2
28	1500	1
1	1500	2
27	1501	1
1	1501	2
27	1502	1
1	1502	2
27	1503	1
1	1503	2
27	1504	1
1	1504	2
27	1505	1
1	1505	2
27	1506	1
1	1506	2
27	1507	1
1	1507	2
27	1508	1
1	1508	2
26	1509	1
1	1509	2
26	1510	1
1	1510	2
26	1511	1
1	1511	2
26	1512	1
1	1512	2
26	1513	1
1	1513	2
26	1514	1
1	1514	2
25	1515	1
1	1515	2
25	1516	1
1	1516	2
25	1517	1
1	1517	2
25	1518	1
1	1518	2
24	1519	1
1	1519	2
24	1520	1
1	1520	2
24	1521	1
1	1521	2
24	1522	1
1	1522	2
24	1523	1
1	1523	2
24	1524	1
1	1524	2
23	1525	1
1	1525	2
23	1526	1
1	1526	2
23	1527	1
1	1527	2
22	1528	1
1	1528	2
22	1529	1
1	1529	2
22	1530	1
1	1530	2
21	1531	1
1	1531	2
21	1532	1
1	1532	2
21	1533	1
1	1533	2
21	1534	1
1	1534	2
21	1535	1
1	1535	2
21	1536	1
1	1536	2
21	1537	1
1	1537	2
21	1538	1
1	1538	2
21	1539	1
1	1539	2
21	1540	1
1	1540	2
21	1541	1
1	1541	2
21	1542	1
1	1542	2
21	1543	1
1	1543	2
21	1544	1
1	1544	2
21	1545	1
1	1545	2
21	1546	1
1	1546	2
21	1547	1
1	1547	2
21	1548	1
1	1548	2
21	1549	1
1	1549	2
21	1550	1
1	1550	2
21	1551	1
1	1551	2
21	1552	1
1	1552	2
21	1553	1
1	1553	2
21	1554	1
1	1554	2
21	1555	1
1	1555	2
21	1556	1
1	1556	2
21	1557	1
1	1557	2
21	1558	1
1	1558	2
21	1559	1
1	1559	2
21	1560	1
1	1560	2
21	1561	1
1	1561	2
21	1562	1
1	1562	2
21	1563	1
1	1563	2
21	1564	1
1	1564	2
21	1565	1
1	1565	2
21	1566	1
1	1566	2
21	1567	1
1	1567	2
21	1568	1
1	1568	2
21	1569	1
1	1569	2
21	1570	1
1	1570	2
21	1571	1
1	1571	2
21	1572	1
1	1572	2
21	1573	1
1	1573	2
21	1574	1
1	1574	2
21	1575	1
1	1575	2
21	1576	1
1	1576	2
20	1577	1
1	1577	2
20	1578	1
1	1578	2
20	1579	1
1	1579	2
20	1580	1
1	1580	2
20	1581	1
1	1581	2
20	1582	1
1	1582	2
20	1583	1
1	1583	2
20	1584	1
1	1584	2
20	1585	1
1	1585	2
20	1586	1
1	1586	2
20	1587	1
1	1587	2
20	1588	1
1	1588	2
20	1589	1
1	1589	2
19	1590	1
1	1590	2
19	1591	1
1	1591	2
19	1592	1
1	1592	2
19	1593	1
1	1593	2
19	1594	1
1	1594	2
19	1595	1
1	1595	2
19	1596	1
1	1596	2
19	1597	1
1	1597	2
19	1598	1
1	1598	2
19	1599	1
1	1599	2
19	1600	1
1	1600	2
19	1601	1
1	1601	2
19	1602	1
1	1602	2
19	1603	1
1	1603	2
19	1604	1
1	1604	2
19	1605	1
1	1605	2
19	1606	1
1	1606	2
19	1607	1
1	1607	2
19	1608	1
1	1608	2
19	1609	1
1	1609	2
19	1610	1
1	1610	2
19	1611	1
1	1611	2
19	1612	1
1	1612	2
19	1613	1
1	1613	2
19	1614	1
1	1614	2
19	1615	1
1	1615	2
18	1616	1
1	1616	2
18	1617	1
1	1617	2
18	1618	1
1	1618	2
18	1619	1
1	1619	2
18	1620	1
1	1620	2
18	1621	1
1	1621	2
17	1622	1
1	1622	2
17	1623	1
1	1623	2
17	1624	1
1	1624	2
17	1625	1
1	1625	2
17	1626	1
1	1626	2
17	1627	1
1	1627	2
17	1628	1
1	1628	2
17	1629	1
1	1629	2
17	1630	1
1	1630	2
17	1631	1
1	1631	2
17	1632	1
1	1632	2
17	1633	1
1	1633	2
17	1634	1
1	1634	2
17	1635	1
1	1635	2
17	1636	1
1	1636	2
17	1637	1
1	1637	2
17	1638	1
1	1638	2
17	1639	1
1	1639	2
17	1640	1
1	1640	2
17	1641	1
1	1641	2
17	1642	1
1	1642	2
17	1643	1
1	1643	2
17	1644	1
1	1644	2
17	1645	1
1	1645	2
16	1646	1
1	1646	2
16	1647	1
1	1647	2
16	1648	1
1	1648	2
16	1649	1
1	1649	2
16	1650	1
1	1650	2
16	1651	1
1	1651	2
16	1652	1
1	1652	2
16	1653	1
1	1653	2
16	1654	1
1	1654	2
16	1655	1
1	1655	2
16	1656	1
1	1656	2
16	1657	1
1	1657	2
16	1658	1
1	1658	2
16	1659	1
1	1659	2
16	1660	1
1	1660	2
16	1661	1
1	1661	2
16	1662	1
1	1662	2
16	1663	1
1	1663	2
16	1664	1
1	1664	2
16	1665	1
1	1665	2
16	1666	1
1	1666	2
16	1667	1
1	1667	2
16	1668	1
1	1668	2
16	1669	1
1	1669	2
16	1670	1
1	1670	2
16	1671	1
1	1671	2
16	1672	1
1	1672	2
16	1673	1
1	1673	2
16	1674	1
1	1674	2
16	1675	1
1	1675	2
15	1676	1
1	1676	2
15	1677	1
1	1677	2
15	1678	1
1	1678	2
15	1679	1
1	1679	2
15	1680	1
1	1680	2
15	1681	1
1	1681	2
15	1682	1
1	1682	2
15	1683	1
1	1683	2
15	1684	1
1	1684	2
15	1685	1
1	1685	2
15	1686	1
1	1686	2
15	1687	1
1	1687	2
15	1688	1
1	1688	2
15	1689	1
1	1689	2
15	1690	1
1	1690	2
15	1691	1
1	1691	2
15	1692	1
1	1692	2
15	1693	1
1	1693	2
15	1694	1
1	1694	2
15	1695	1
1	1695	2
15	1696	1
1	1696	2
14	1697	1
1	1697	2
14	1698	1
1	1698	2
14	1699	1
1	1699	2
14	1700	1
1	1700	2
14	1701	1
1	1701	2
13	1702	1
1	1702	2
13	1703	1
1	1703	2
13	1704	1
1	1704	2
13	1705	1
1	1705	2
13	1706	1
1	1706	2
12	1707	1
1	1707	2
12	1708	1
1	1708	2
12	1709	1
1	1709	2
12	1710	1
1	1710	2
12	1711	1
1	1711	2
12	1712	1
1	1712	2
12	1713	1
1	1713	2
12	1714	1
1	1714	2
12	1715	1
1	1715	2
12	1716	1
1	1716	2
12	1717	1
1	1717	2
12	1718	1
1	1718	2
12	1719	1
1	1719	2
12	1720	1
1	1720	2
12	1721	1
1	1721	2
12	1722	1
1	1722	2
12	1723	1
1	1723	2
12	1724	1
1	1724	2
11	1725	1
1	1725	2
11	1726	1
1	1726	2
11	1727	1
1	1727	2
10	1728	1
1	1728	2
8	1729	1
1	1729	2
8	1730	1
1	1730	2
8	1731	1
1	1731	2
8	1732	1
1	1732	2
1732	1733	1
8	1733	2
1	1733	3
1732	1734	1
8	1734	2
1	1734	3
1732	1735	1
8	1735	2
1	1735	3
1732	1736	1
8	1736	2
1	1736	3
1732	1737	1
8	1737	2
1	1737	3
1737	1738	1
1732	1738	2
8	1738	3
1	1738	4
1737	1739	1
1732	1739	2
8	1739	3
1	1739	4
1737	1740	1
1732	1740	2
8	1740	3
1	1740	4
1737	1741	1
1732	1741	2
8	1741	3
1	1741	4
1737	1742	1
1732	1742	2
8	1742	3
1	1742	4
1736	1743	1
1732	1743	2
8	1743	3
1	1743	4
1736	1744	1
1732	1744	2
8	1744	3
1	1744	4
1736	1745	1
1732	1745	2
8	1745	3
1	1745	4
1736	1746	1
1732	1746	2
8	1746	3
1	1746	4
1735	1747	1
1732	1747	2
8	1747	3
1	1747	4
1735	1748	1
1732	1748	2
8	1748	3
1	1748	4
1735	1749	1
1732	1749	2
8	1749	3
1	1749	4
1734	1750	1
1732	1750	2
8	1750	3
1	1750	4
1734	1751	1
1732	1751	2
8	1751	3
1	1751	4
1734	1752	1
1732	1752	2
8	1752	3
1	1752	4
1734	1753	1
1732	1753	2
8	1753	3
1	1753	4
1734	1754	1
1732	1754	2
8	1754	3
1	1754	4
1734	1755	1
1732	1755	2
8	1755	3
1	1755	4
1733	1756	1
1732	1756	2
8	1756	3
1	1756	4
1733	1757	1
1732	1757	2
8	1757	3
1	1757	4
1731	1758	1
8	1758	2
1	1758	3
1731	1759	1
8	1759	2
1	1759	3
1731	1760	1
8	1760	2
1	1760	3
1731	1761	1
8	1761	2
1	1761	3
1731	1762	1
8	1762	2
1	1762	3
1731	1763	1
8	1763	2
1	1763	3
1731	1764	1
8	1764	2
1	1764	3
1731	1765	1
8	1765	2
1	1765	3
1731	1766	1
8	1766	2
1	1766	3
1731	1767	1
8	1767	2
1	1767	3
1731	1768	1
8	1768	2
1	1768	3
1731	1769	1
8	1769	2
1	1769	3
1731	1770	1
8	1770	2
1	1770	3
1730	1771	1
8	1771	2
1	1771	3
1730	1772	1
8	1772	2
1	1772	3
1730	1773	1
8	1773	2
1	1773	3
1773	1774	1
1730	1774	2
8	1774	3
1	1774	4
1773	1775	1
1730	1775	2
8	1775	3
1	1775	4
1773	1776	1
1730	1776	2
8	1776	3
1	1776	4
1773	1777	1
1730	1777	2
8	1777	3
1	1777	4
1773	1778	1
1730	1778	2
8	1778	3
1	1778	4
1773	1779	1
1730	1779	2
8	1779	3
1	1779	4
1773	1780	1
1730	1780	2
8	1780	3
1	1780	4
1773	1781	1
1730	1781	2
8	1781	3
1	1781	4
1772	1782	1
1730	1782	2
8	1782	3
1	1782	4
1772	1783	1
1730	1783	2
8	1783	3
1	1783	4
1771	1784	1
1730	1784	2
8	1784	3
1	1784	4
1771	1785	1
1730	1785	2
8	1785	3
1	1785	4
1785	1786	1
1771	1786	2
1730	1786	3
8	1786	4
1	1786	5
1785	1787	1
1771	1787	2
1730	1787	3
8	1787	4
1	1787	5
1785	1788	1
1771	1788	2
1730	1788	3
8	1788	4
1	1788	5
1784	1789	1
1771	1789	2
1730	1789	3
8	1789	4
1	1789	5
1784	1790	1
1771	1790	2
1730	1790	3
8	1790	4
1	1790	5
1784	1791	1
1771	1791	2
1730	1791	3
8	1791	4
1	1791	5
1784	1792	1
1771	1792	2
1730	1792	3
8	1792	4
1	1792	5
1729	1793	1
8	1793	2
1	1793	3
1729	1794	1
8	1794	2
1	1794	3
1729	1795	1
8	1795	2
1	1795	3
1729	1796	1
8	1796	2
1	1796	3
1729	1797	1
8	1797	2
1	1797	3
1729	1798	1
8	1798	2
1	1798	3
1729	1799	1
8	1799	2
1	1799	3
7	1800	1
1	1800	2
7	1801	1
1	1801	2
7	1802	1
1	1802	2
6	1803	1
1	1803	2
6	1804	1
1	1804	2
6	1805	1
1	1805	2
5	1806	1
1	1806	2
5	1807	1
1	1807	2
5	1808	1
1	1808	2
5	1809	1
1	1809	2
5	1810	1
1	1810	2
5	1811	1
1	1811	2
5	1812	1
1	1812	2
5	1813	1
1	1813	2
5	1814	1
1	1814	2
5	1815	1
1	1815	2
5	1816	1
1	1816	2
5	1817	1
1	1817	2
5	1818	1
1	1818	2
5	1819	1
1	1819	2
5	1820	1
1	1820	2
5	1821	1
1	1821	2
4	1822	1
1	1822	2
4	1823	1
1	1823	2
4	1824	1
1	1824	2
3	1825	1
1	1825	2
3	1826	1
1	1826	2
3	1827	1
1	1827	2
3	1828	1
1	1828	2
1828	1829	1
3	1829	2
1	1829	3
1828	1830	1
3	1830	2
1	1830	3
1828	1831	1
3	1831	2
1	1831	3
1827	1832	1
3	1832	2
1	1832	3
1827	1833	1
3	1833	2
1	1833	3
1827	1834	1
3	1834	2
1	1834	3
1827	1835	1
3	1835	2
1	1835	3
1827	1836	1
3	1836	2
1	1836	3
1836	1837	1
1827	1837	2
3	1837	3
1	1837	4
1836	1838	1
1827	1838	2
3	1838	3
1	1838	4
1836	1839	1
1827	1839	2
3	1839	3
1	1839	4
1836	1840	1
1827	1840	2
3	1840	3
1	1840	4
1836	1841	1
1827	1841	2
3	1841	3
1	1841	4
1836	1842	1
1827	1842	2
3	1842	3
1	1842	4
1836	1843	1
1827	1843	2
3	1843	3
1	1843	4
1836	1844	1
1827	1844	2
3	1844	3
1	1844	4
1836	1845	1
1827	1845	2
3	1845	3
1	1845	4
1835	1846	1
1827	1846	2
3	1846	3
1	1846	4
1835	1847	1
1827	1847	2
3	1847	3
1	1847	4
1835	1848	1
1827	1848	2
3	1848	3
1	1848	4
1835	1849	1
1827	1849	2
3	1849	3
1	1849	4
1835	1850	1
1827	1850	2
3	1850	3
1	1850	4
1835	1851	1
1827	1851	2
3	1851	3
1	1851	4
1835	1852	1
1827	1852	2
3	1852	3
1	1852	4
1835	1853	1
1827	1853	2
3	1853	3
1	1853	4
1835	1854	1
1827	1854	2
3	1854	3
1	1854	4
1835	1855	1
1827	1855	2
3	1855	3
1	1855	4
1835	1856	1
1827	1856	2
3	1856	3
1	1856	4
1835	1857	1
1827	1857	2
3	1857	3
1	1857	4
1835	1858	1
1827	1858	2
3	1858	3
1	1858	4
1835	1859	1
1827	1859	2
3	1859	3
1	1859	4
1835	1860	1
1827	1860	2
3	1860	3
1	1860	4
1835	1861	1
1827	1861	2
3	1861	3
1	1861	4
1835	1862	1
1827	1862	2
3	1862	3
1	1862	4
1835	1863	1
1827	1863	2
3	1863	3
1	1863	4
1835	1864	1
1827	1864	2
3	1864	3
1	1864	4
1835	1865	1
1827	1865	2
3	1865	3
1	1865	4
1835	1866	1
1827	1866	2
3	1866	3
1	1866	4
1835	1867	1
1827	1867	2
3	1867	3
1	1867	4
1835	1868	1
1827	1868	2
3	1868	3
1	1868	4
1835	1869	1
1827	1869	2
3	1869	3
1	1869	4
1834	1870	1
1827	1870	2
3	1870	3
1	1870	4
1834	1871	1
1827	1871	2
3	1871	3
1	1871	4
1834	1872	1
1827	1872	2
3	1872	3
1	1872	4
1834	1873	1
1827	1873	2
3	1873	3
1	1873	4
1834	1874	1
1827	1874	2
3	1874	3
1	1874	4
1834	1875	1
1827	1875	2
3	1875	3
1	1875	4
1834	1876	1
1827	1876	2
3	1876	3
1	1876	4
1833	1877	1
1827	1877	2
3	1877	3
1	1877	4
1833	1878	1
1827	1878	2
3	1878	3
1	1878	4
1833	1879	1
1827	1879	2
3	1879	3
1	1879	4
1833	1880	1
1827	1880	2
3	1880	3
1	1880	4
1833	1881	1
1827	1881	2
3	1881	3
1	1881	4
1833	1882	1
1827	1882	2
3	1882	3
1	1882	4
1832	1883	1
1827	1883	2
3	1883	3
1	1883	4
1832	1884	1
1827	1884	2
3	1884	3
1	1884	4
1832	1885	1
1827	1885	2
3	1885	3
1	1885	4
1832	1886	1
1827	1886	2
3	1886	3
1	1886	4
1832	1887	1
1827	1887	2
3	1887	3
1	1887	4
1832	1888	1
1827	1888	2
3	1888	3
1	1888	4
1832	1889	1
1827	1889	2
3	1889	3
1	1889	4
1832	1890	1
1827	1890	2
3	1890	3
1	1890	4
1832	1891	1
1827	1891	2
3	1891	3
1	1891	4
1832	1892	1
1827	1892	2
3	1892	3
1	1892	4
1832	1893	1
1827	1893	2
3	1893	3
1	1893	4
1832	1894	1
1827	1894	2
3	1894	3
1	1894	4
1832	1895	1
1827	1895	2
3	1895	3
1	1895	4
1832	1896	1
1827	1896	2
3	1896	3
1	1896	4
1826	1897	1
3	1897	2
1	1897	3
1826	1898	1
3	1898	2
1	1898	3
1826	1899	1
3	1899	2
1	1899	3
1826	1900	1
3	1900	2
1	1900	3
1826	1901	1
3	1901	2
1	1901	3
1826	1902	1
3	1902	2
1	1902	3
1826	1903	1
3	1903	2
1	1903	3
1826	1904	1
3	1904	2
1	1904	3
1826	1905	1
3	1905	2
1	1905	3
1826	1906	1
3	1906	2
1	1906	3
1826	1907	1
3	1907	2
1	1907	3
1826	1908	1
3	1908	2
1	1908	3
1826	1909	1
3	1909	2
1	1909	3
1826	1910	1
3	1910	2
1	1910	3
1826	1911	1
3	1911	2
1	1911	3
1826	1912	1
3	1912	2
1	1912	3
1826	1913	1
3	1913	2
1	1913	3
1826	1914	1
3	1914	2
1	1914	3
1826	1915	1
3	1915	2
1	1915	3
1826	1916	1
3	1916	2
1	1916	3
1826	1917	1
3	1917	2
1	1917	3
1826	1918	1
3	1918	2
1	1918	3
1826	1919	1
3	1919	2
1	1919	3
1826	1920	1
3	1920	2
1	1920	3
1826	1921	1
3	1921	2
1	1921	3
1826	1922	1
3	1922	2
1	1922	3
1826	1923	1
3	1923	2
1	1923	3
1826	1924	1
3	1924	2
1	1924	3
1826	1925	1
3	1925	2
1	1925	3
1826	1926	1
3	1926	2
1	1926	3
1826	1927	1
3	1927	2
1	1927	3
1826	1928	1
3	1928	2
1	1928	3
1826	1929	1
3	1929	2
1	1929	3
1826	1930	1
3	1930	2
1	1930	3
1826	1931	1
3	1931	2
1	1931	3
1826	1932	1
3	1932	2
1	1932	3
1826	1933	1
3	1933	2
1	1933	3
1826	1934	1
3	1934	2
1	1934	3
1826	1935	1
3	1935	2
1	1935	3
1826	1936	1
3	1936	2
1	1936	3
1826	1937	1
3	1937	2
1	1937	3
1826	1938	1
3	1938	2
1	1938	3
1826	1939	1
3	1939	2
1	1939	3
1826	1940	1
3	1940	2
1	1940	3
1826	1941	1
3	1941	2
1	1941	3
1826	1942	1
3	1942	2
1	1942	3
1826	1943	1
3	1943	2
1	1943	3
1826	1944	1
3	1944	2
1	1944	3
1826	1945	1
3	1945	2
1	1945	3
1826	1946	1
3	1946	2
1	1946	3
1826	1947	1
3	1947	2
1	1947	3
1826	1948	1
3	1948	2
1	1948	3
1826	1949	1
3	1949	2
1	1949	3
1826	1950	1
3	1950	2
1	1950	3
1826	1951	1
3	1951	2
1	1951	3
1826	1952	1
3	1952	2
1	1952	3
1826	1953	1
3	1953	2
1	1953	3
1826	1954	1
3	1954	2
1	1954	3
1826	1955	1
3	1955	2
1	1955	3
1826	1956	1
3	1956	2
1	1956	3
1826	1957	1
3	1957	2
1	1957	3
1825	1958	1
3	1958	2
1	1958	3
1825	1959	1
3	1959	2
1	1959	3
1825	1960	1
3	1960	2
1	1960	3
1825	1961	1
3	1961	2
1	1961	3
1825	1962	1
3	1962	2
1	1962	3
1825	1963	1
3	1963	2
1	1963	3
1825	1964	1
3	1964	2
1	1964	3
1825	1965	1
3	1965	2
1	1965	3
1825	1966	1
3	1966	2
1	1966	3
1825	1967	1
3	1967	2
1	1967	3
1825	1968	1
3	1968	2
1	1968	3
1825	1969	1
3	1969	2
1	1969	3
1825	1970	1
3	1970	2
1	1970	3
1825	1971	1
3	1971	2
1	1971	3
1825	1972	1
3	1972	2
1	1972	3
2	1973	1
1	1973	2
2	1974	1
1	1974	2
2	1975	1
1	1975	2
2	1976	1
1	1976	2
